{
  "aggregate": {
    "counters": {
      "vusers.created_by_name.Carga pesada - posts, users e comments": 3000,
      "vusers.created": 3000,
      "http.requests": 9000,
      "http.codes.200": 9000,
      "http.responses": 9000,
      "http.downloaded_bytes": 588000,
      "plugins.metrics-by-endpoint./posts.codes.200": 3000,
      "plugins.metrics-by-endpoint./users.codes.200": 3000,
      "plugins.metrics-by-endpoint./comments.codes.200": 3000,
      "vusers.failed": 0,
      "vusers.completed": 3000
    },
    "rates": {
      "http.request_rate": 305
    },
    "firstCounterAt": 1763394101664,
    "firstHistogramAt": 1763394101677,
    "lastCounterAt": 1763394131663,
    "lastHistogramAt": 1763394131663,
    "firstMetricAt": 1763394101664,
    "lastMetricAt": 1763394131663,
    "period": 1763394130000,
    "summaries": {
      "http.response_time": {
        "min": 0,
        "max": 18,
        "count": 9000,
        "mean": 0.3,
        "p50": 0,
        "median": 0,
        "p75": 1,
        "p90": 1,
        "p95": 1,
        "p99": 1,
        "p999": 2
      },
      "http.response_time.2xx": {
        "min": 0,
        "max": 18,
        "count": 9000,
        "mean": 0.3,
        "p50": 0,
        "median": 0,
        "p75": 1,
        "p90": 1,
        "p95": 1,
        "p99": 1,
        "p999": 2
      },
      "plugins.metrics-by-endpoint.response_time./posts": {
        "min": 0,
        "max": 18,
        "count": 3000,
        "mean": 0.3,
        "p50": 0,
        "median": 0,
        "p75": 1,
        "p90": 1,
        "p95": 1,
        "p99": 1,
        "p999": 2
      },
      "plugins.metrics-by-endpoint.response_time./users": {
        "min": 0,
        "max": 2,
        "count": 3000,
        "mean": 0.3,
        "p50": 0,
        "median": 0,
        "p75": 0,
        "p90": 1,
        "p95": 1,
        "p99": 1,
        "p999": 2
      },
      "plugins.metrics-by-endpoint.response_time./comments": {
        "min": 0,
        "max": 2,
        "count": 3000,
        "mean": 0.3,
        "p50": 0,
        "median": 0,
        "p75": 0,
        "p90": 1,
        "p95": 1,
        "p99": 1,
        "p999": 1
      },
      "vusers.session_length": {
        "min": 1.9,
        "max": 33,
        "count": 3000,
        "mean": 3,
        "p50": 2.7,
        "median": 2.7,
        "p75": 3,
        "p90": 3.4,
        "p95": 3.7,
        "p99": 14.7,
        "p999": 19.5
      }
    },
    "histograms": {
      "http.response_time": {
        "min": 0,
        "max": 18,
        "count": 9000,
        "mean": 0.3,
        "p50": 0,
        "median": 0,
        "p75": 1,
        "p90": 1,
        "p95": 1,
        "p99": 1,
        "p999": 2
      },
      "http.response_time.2xx": {
        "min": 0,
        "max": 18,
        "count": 9000,
        "mean": 0.3,
        "p50": 0,
        "median": 0,
        "p75": 1,
        "p90": 1,
        "p95": 1,
        "p99": 1,
        "p999": 2
      },
      "plugins.metrics-by-endpoint.response_time./posts": {
        "min": 0,
        "max": 18,
        "count": 3000,
        "mean": 0.3,
        "p50": 0,
        "median": 0,
        "p75": 1,
        "p90": 1,
        "p95": 1,
        "p99": 1,
        "p999": 2
      },
      "plugins.metrics-by-endpoint.response_time./users": {
        "min": 0,
        "max": 2,
        "count": 3000,
        "mean": 0.3,
        "p50": 0,
        "median": 0,
        "p75": 0,
        "p90": 1,
        "p95": 1,
        "p99": 1,
        "p999": 2
      },
      "plugins.metrics-by-endpoint.response_time./comments": {
        "min": 0,
        "max": 2,
        "count": 3000,
        "mean": 0.3,
        "p50": 0,
        "median": 0,
        "p75": 0,
        "p90": 1,
        "p95": 1,
        "p99": 1,
        "p999": 1
      },
      "vusers.session_length": {
        "min": 1.9,
        "max": 33,
        "count": 3000,
        "mean": 3,
        "p50": 2.7,
        "median": 2.7,
        "p75": 3,
        "p90": 3.4,
        "p95": 3.7,
        "p99": 14.7,
        "p999": 19.5
      }
    }
  },
  "intermediate": [
    {
      "counters": {
        "vusers.created_by_name.Carga pesada - posts, users e comments": 772,
        "vusers.created": 772,
        "http.requests": 2316,
        "http.codes.200": 2316,
        "http.responses": 2316,
        "http.downloaded_bytes": 151312,
        "plugins.metrics-by-endpoint./posts.codes.200": 772,
        "plugins.metrics-by-endpoint./users.codes.200": 772,
        "plugins.metrics-by-endpoint./comments.codes.200": 772,
        "vusers.failed": 0,
        "vusers.completed": 772
      },
      "rates": {
        "http.request_rate": 300
      },
      "http.request_rate": null,
      "firstCounterAt": 1763394101664,
      "firstHistogramAt": 1763394101677,
      "lastCounterAt": 1763394109995,
      "lastHistogramAt": 1763394109995,
      "firstMetricAt": 1763394101664,
      "lastMetricAt": 1763394109995,
      "period": "1763394100000",
      "summaries": {
        "http.response_time": {
          "min": 0,
          "max": 18,
          "count": 2316,
          "mean": 0.3,
          "p50": 0,
          "median": 0,
          "p75": 1,
          "p90": 1,
          "p95": 1,
          "p99": 1,
          "p999": 2
        },
        "http.response_time.2xx": {
          "min": 0,
          "max": 18,
          "count": 2316,
          "mean": 0.3,
          "p50": 0,
          "median": 0,
          "p75": 1,
          "p90": 1,
          "p95": 1,
          "p99": 1,
          "p999": 2
        },
        "plugins.metrics-by-endpoint.response_time./posts": {
          "min": 0,
          "max": 18,
          "count": 772,
          "mean": 0.4,
          "p50": 0,
          "median": 0,
          "p75": 1,
          "p90": 1,
          "p95": 1,
          "p99": 1,
          "p999": 10.9
        },
        "plugins.metrics-by-endpoint.response_time./users": {
          "min": 0,
          "max": 1,
          "count": 772,
          "mean": 0.2,
          "p50": 0,
          "median": 0,
          "p75": 0,
          "p90": 1,
          "p95": 1,
          "p99": 1,
          "p999": 1
        },
        "plugins.metrics-by-endpoint.response_time./comments": {
          "min": 0,
          "max": 2,
          "count": 772,
          "mean": 0.2,
          "p50": 0,
          "median": 0,
          "p75": 0,
          "p90": 1,
          "p95": 1,
          "p99": 1,
          "p999": 2
        },
        "vusers.session_length": {
          "min": 2.1,
          "max": 33,
          "count": 772,
          "mean": 3.7,
          "p50": 2.9,
          "median": 2.9,
          "p75": 3.3,
          "p90": 4.3,
          "p95": 6,
          "p99": 16.3,
          "p999": 23.8
        }
      },
      "histograms": {
        "http.response_time": {
          "min": 0,
          "max": 18,
          "count": 2316,
          "mean": 0.3,
          "p50": 0,
          "median": 0,
          "p75": 1,
          "p90": 1,
          "p95": 1,
          "p99": 1,
          "p999": 2
        },
        "http.response_time.2xx": {
          "min": 0,
          "max": 18,
          "count": 2316,
          "mean": 0.3,
          "p50": 0,
          "median": 0,
          "p75": 1,
          "p90": 1,
          "p95": 1,
          "p99": 1,
          "p999": 2
        },
        "plugins.metrics-by-endpoint.response_time./posts": {
          "min": 0,
          "max": 18,
          "count": 772,
          "mean": 0.4,
          "p50": 0,
          "median": 0,
          "p75": 1,
          "p90": 1,
          "p95": 1,
          "p99": 1,
          "p999": 10.9
        },
        "plugins.metrics-by-endpoint.response_time./users": {
          "min": 0,
          "max": 1,
          "count": 772,
          "mean": 0.2,
          "p50": 0,
          "median": 0,
          "p75": 0,
          "p90": 1,
          "p95": 1,
          "p99": 1,
          "p999": 1
        },
        "plugins.metrics-by-endpoint.response_time./comments": {
          "min": 0,
          "max": 2,
          "count": 772,
          "mean": 0.2,
          "p50": 0,
          "median": 0,
          "p75": 0,
          "p90": 1,
          "p95": 1,
          "p99": 1,
          "p999": 2
        },
        "vusers.session_length": {
          "min": 2.1,
          "max": 33,
          "count": 772,
          "mean": 3.7,
          "p50": 2.9,
          "median": 2.9,
          "p75": 3.3,
          "p90": 4.3,
          "p95": 6,
          "p99": 16.3,
          "p999": 23.8
        }
      }
    },
    {
      "counters": {
        "vusers.created_by_name.Carga pesada - posts, users e comments": 1128,
        "vusers.created": 1128,
        "http.requests": 3384,
        "http.codes.200": 3384,
        "http.responses": 3384,
        "http.downloaded_bytes": 221088,
        "plugins.metrics-by-endpoint./posts.codes.200": 1128,
        "plugins.metrics-by-endpoint./users.codes.200": 1128,
        "plugins.metrics-by-endpoint./comments.codes.200": 1128,
        "vusers.failed": 0,
        "vusers.completed": 1128
      },
      "rates": {
        "http.request_rate": 342
      },
      "http.request_rate": null,
      "firstCounterAt": 1763394110010,
      "firstHistogramAt": 1763394110012,
      "lastCounterAt": 1763394119998,
      "lastHistogramAt": 1763394119998,
      "firstMetricAt": 1763394110010,
      "lastMetricAt": 1763394119998,
      "period": "1763394110000",
      "summaries": {
        "http.response_time": {
          "min": 0,
          "max": 2,
          "count": 3384,
          "mean": 0.3,
          "p50": 0,
          "median": 0,
          "p75": 1,
          "p90": 1,
          "p95": 1,
          "p99": 1,
          "p999": 2
        },
        "http.response_time.2xx": {
          "min": 0,
          "max": 2,
          "count": 3384,
          "mean": 0.3,
          "p50": 0,
          "median": 0,
          "p75": 1,
          "p90": 1,
          "p95": 1,
          "p99": 1,
          "p999": 2
        },
        "plugins.metrics-by-endpoint.response_time./posts": {
          "min": 0,
          "max": 1,
          "count": 1128,
          "mean": 0.3,
          "p50": 0,
          "median": 0,
          "p75": 1,
          "p90": 1,
          "p95": 1,
          "p99": 1,
          "p999": 1
        },
        "plugins.metrics-by-endpoint.response_time./users": {
          "min": 0,
          "max": 2,
          "count": 1128,
          "mean": 0.3,
          "p50": 0,
          "median": 0,
          "p75": 1,
          "p90": 1,
          "p95": 1,
          "p99": 1,
          "p999": 2
        },
        "plugins.metrics-by-endpoint.response_time./comments": {
          "min": 0,
          "max": 2,
          "count": 1128,
          "mean": 0.2,
          "p50": 0,
          "median": 0,
          "p75": 0,
          "p90": 1,
          "p95": 1,
          "p99": 1,
          "p999": 1
        },
        "vusers.session_length": {
          "min": 2,
          "max": 7.8,
          "count": 1128,
          "mean": 2.8,
          "p50": 2.7,
          "median": 2.7,
          "p75": 2.9,
          "p90": 3.3,
          "p95": 3.4,
          "p99": 4.1,
          "p999": 4.9
        }
      },
      "histograms": {
        "http.response_time": {
          "min": 0,
          "max": 2,
          "count": 3384,
          "mean": 0.3,
          "p50": 0,
          "median": 0,
          "p75": 1,
          "p90": 1,
          "p95": 1,
          "p99": 1,
          "p999": 2
        },
        "http.response_time.2xx": {
          "min": 0,
          "max": 2,
          "count": 3384,
          "mean": 0.3,
          "p50": 0,
          "median": 0,
          "p75": 1,
          "p90": 1,
          "p95": 1,
          "p99": 1,
          "p999": 2
        },
        "plugins.metrics-by-endpoint.response_time./posts": {
          "min": 0,
          "max": 1,
          "count": 1128,
          "mean": 0.3,
          "p50": 0,
          "median": 0,
          "p75": 1,
          "p90": 1,
          "p95": 1,
          "p99": 1,
          "p999": 1
        },
        "plugins.metrics-by-endpoint.response_time./users": {
          "min": 0,
          "max": 2,
          "count": 1128,
          "mean": 0.3,
          "p50": 0,
          "median": 0,
          "p75": 1,
          "p90": 1,
          "p95": 1,
          "p99": 1,
          "p999": 2
        },
        "plugins.metrics-by-endpoint.response_time./comments": {
          "min": 0,
          "max": 2,
          "count": 1128,
          "mean": 0.2,
          "p50": 0,
          "median": 0,
          "p75": 0,
          "p90": 1,
          "p95": 1,
          "p99": 1,
          "p999": 1
        },
        "vusers.session_length": {
          "min": 2,
          "max": 7.8,
          "count": 1128,
          "mean": 2.8,
          "p50": 2.7,
          "median": 2.7,
          "p75": 2.9,
          "p90": 3.3,
          "p95": 3.4,
          "p99": 4.1,
          "p999": 4.9
        }
      }
    },
    {
      "counters": {
        "vusers.created_by_name.Carga pesada - posts, users e comments": 1000,
        "vusers.created": 1000,
        "http.requests": 3000,
        "http.codes.200": 3000,
        "http.responses": 3000,
        "http.downloaded_bytes": 196000,
        "plugins.metrics-by-endpoint./posts.codes.200": 1000,
        "plugins.metrics-by-endpoint./users.codes.200": 1000,
        "plugins.metrics-by-endpoint./comments.codes.200": 1000,
        "vusers.failed": 0,
        "vusers.completed": 1000
      },
      "rates": {
        "http.request_rate": 300
      },
      "http.request_rate": null,
      "firstCounterAt": 1763394120007,
      "firstHistogramAt": 1763394120008,
      "lastCounterAt": 1763394129998,
      "lastHistogramAt": 1763394129998,
      "firstMetricAt": 1763394120007,
      "lastMetricAt": 1763394129998,
      "period": "1763394120000",
      "summaries": {
        "http.response_time": {
          "min": 0,
          "max": 2,
          "count": 3000,
          "mean": 0.3,
          "p50": 0,
          "median": 0,
          "p75": 1,
          "p90": 1,
          "p95": 1,
          "p99": 1,
          "p999": 1
        },
        "http.response_time.2xx": {
          "min": 0,
          "max": 2,
          "count": 3000,
          "mean": 0.3,
          "p50": 0,
          "median": 0,
          "p75": 1,
          "p90": 1,
          "p95": 1,
          "p99": 1,
          "p999": 1
        },
        "plugins.metrics-by-endpoint.response_time./posts": {
          "min": 0,
          "max": 2,
          "count": 1000,
          "mean": 0.3,
          "p50": 0,
          "median": 0,
          "p75": 1,
          "p90": 1,
          "p95": 1,
          "p99": 1,
          "p999": 2
        },
        "plugins.metrics-by-endpoint.response_time./users": {
          "min": 0,
          "max": 2,
          "count": 1000,
          "mean": 0.2,
          "p50": 0,
          "median": 0,
          "p75": 0,
          "p90": 1,
          "p95": 1,
          "p99": 1,
          "p999": 1
        },
        "plugins.metrics-by-endpoint.response_time./comments": {
          "min": 0,
          "max": 1,
          "count": 1000,
          "mean": 0.3,
          "p50": 0,
          "median": 0,
          "p75": 1,
          "p90": 1,
          "p95": 1,
          "p99": 1,
          "p999": 1
        },
        "vusers.session_length": {
          "min": 2,
          "max": 5.1,
          "count": 1000,
          "mean": 2.6,
          "p50": 2.6,
          "median": 2.6,
          "p75": 2.8,
          "p90": 3,
          "p95": 3.2,
          "p99": 3.6,
          "p999": 5
        }
      },
      "histograms": {
        "http.response_time": {
          "min": 0,
          "max": 2,
          "count": 3000,
          "mean": 0.3,
          "p50": 0,
          "median": 0,
          "p75": 1,
          "p90": 1,
          "p95": 1,
          "p99": 1,
          "p999": 1
        },
        "http.response_time.2xx": {
          "min": 0,
          "max": 2,
          "count": 3000,
          "mean": 0.3,
          "p50": 0,
          "median": 0,
          "p75": 1,
          "p90": 1,
          "p95": 1,
          "p99": 1,
          "p999": 1
        },
        "plugins.metrics-by-endpoint.response_time./posts": {
          "min": 0,
          "max": 2,
          "count": 1000,
          "mean": 0.3,
          "p50": 0,
          "median": 0,
          "p75": 1,
          "p90": 1,
          "p95": 1,
          "p99": 1,
          "p999": 2
        },
        "plugins.metrics-by-endpoint.response_time./users": {
          "min": 0,
          "max": 2,
          "count": 1000,
          "mean": 0.2,
          "p50": 0,
          "median": 0,
          "p75": 0,
          "p90": 1,
          "p95": 1,
          "p99": 1,
          "p999": 1
        },
        "plugins.metrics-by-endpoint.response_time./comments": {
          "min": 0,
          "max": 1,
          "count": 1000,
          "mean": 0.3,
          "p50": 0,
          "median": 0,
          "p75": 1,
          "p90": 1,
          "p95": 1,
          "p99": 1,
          "p999": 1
        },
        "vusers.session_length": {
          "min": 2,
          "max": 5.1,
          "count": 1000,
          "mean": 2.6,
          "p50": 2.6,
          "median": 2.6,
          "p75": 2.8,
          "p90": 3,
          "p95": 3.2,
          "p99": 3.6,
          "p999": 5
        }
      }
    },
    {
      "counters": {
        "vusers.created_by_name.Carga pesada - posts, users e comments": 100,
        "vusers.created": 100,
        "http.requests": 300,
        "http.codes.200": 300,
        "http.responses": 300,
        "http.downloaded_bytes": 19600,
        "plugins.metrics-by-endpoint./posts.codes.200": 100,
        "plugins.metrics-by-endpoint./users.codes.200": 100,
        "plugins.metrics-by-endpoint./comments.codes.200": 100,
        "vusers.failed": 0,
        "vusers.completed": 100
      },
      "rates": {
        "http.request_rate": 272
      },
      "http.request_rate": null,
      "firstCounterAt": 1763394130007,
      "firstHistogramAt": 1763394130008,
      "lastCounterAt": 1763394131663,
      "lastHistogramAt": 1763394131663,
      "firstMetricAt": 1763394130007,
      "lastMetricAt": 1763394131663,
      "period": "1763394130000",
      "summaries": {
        "http.response_time": {
          "min": 0,
          "max": 1,
          "count": 300,
          "mean": 0.2,
          "p50": 0,
          "median": 0,
          "p75": 0,
          "p90": 1,
          "p95": 1,
          "p99": 1,
          "p999": 1
        },
        "http.response_time.2xx": {
          "min": 0,
          "max": 1,
          "count": 300,
          "mean": 0.2,
          "p50": 0,
          "median": 0,
          "p75": 0,
          "p90": 1,
          "p95": 1,
          "p99": 1,
          "p999": 1
        },
        "plugins.metrics-by-endpoint.response_time./posts": {
          "min": 0,
          "max": 1,
          "count": 100,
          "mean": 0.3,
          "p50": 0,
          "median": 0,
          "p75": 1,
          "p90": 1,
          "p95": 1,
          "p99": 1,
          "p999": 1
        },
        "plugins.metrics-by-endpoint.response_time./users": {
          "min": 0,
          "max": 1,
          "count": 100,
          "mean": 0.2,
          "p50": 0,
          "median": 0,
          "p75": 0,
          "p90": 1,
          "p95": 1,
          "p99": 1,
          "p999": 1
        },
        "plugins.metrics-by-endpoint.response_time./comments": {
          "min": 0,
          "max": 1,
          "count": 100,
          "mean": 0.2,
          "p50": 0,
          "median": 0,
          "p75": 0,
          "p90": 1,
          "p95": 1,
          "p99": 1,
          "p999": 1
        },
        "vusers.session_length": {
          "min": 1.9,
          "max": 3.6,
          "count": 100,
          "mean": 2.6,
          "p50": 2.6,
          "median": 2.6,
          "p75": 2.8,
          "p90": 3,
          "p95": 3.1,
          "p99": 3.4,
          "p999": 3.4
        }
      },
      "histograms": {
        "http.response_time": {
          "min": 0,
          "max": 1,
          "count": 300,
          "mean": 0.2,
          "p50": 0,
          "median": 0,
          "p75": 0,
          "p90": 1,
          "p95": 1,
          "p99": 1,
          "p999": 1
        },
        "http.response_time.2xx": {
          "min": 0,
          "max": 1,
          "count": 300,
          "mean": 0.2,
          "p50": 0,
          "median": 0,
          "p75": 0,
          "p90": 1,
          "p95": 1,
          "p99": 1,
          "p999": 1
        },
        "plugins.metrics-by-endpoint.response_time./posts": {
          "min": 0,
          "max": 1,
          "count": 100,
          "mean": 0.3,
          "p50": 0,
          "median": 0,
          "p75": 1,
          "p90": 1,
          "p95": 1,
          "p99": 1,
          "p999": 1
        },
        "plugins.metrics-by-endpoint.response_time./users": {
          "min": 0,
          "max": 1,
          "count": 100,
          "mean": 0.2,
          "p50": 0,
          "median": 0,
          "p75": 0,
          "p90": 1,
          "p95": 1,
          "p99": 1,
          "p999": 1
        },
        "plugins.metrics-by-endpoint.response_time./comments": {
          "min": 0,
          "max": 1,
          "count": 100,
          "mean": 0.2,
          "p50": 0,
          "median": 0,
          "p75": 0,
          "p90": 1,
          "p95": 1,
          "p99": 1,
          "p999": 1
        },
        "vusers.session_length": {
          "min": 1.9,
          "max": 3.6,
          "count": 100,
          "mean": 2.6,
          "p50": 2.6,
          "median": 2.6,
          "p75": 2.8,
          "p90": 3,
          "p95": 3.1,
          "p99": 3.4,
          "p999": 3.4
        }
      }
    }
  ]
}